CNV.ID	Sample	Correlation	N.comp	Start.b	End.b	CNV.type	N.exons	Start	End	Chromosome	Genomic region	BF	Reads.expected	Reads.observed	Reads.ratio	Gene
68	sample1	0.972644662739307	2	153	153	duplication	1	47641409	47641557	2	chr2:47641409-47641557	9.96	2161	3563	1.65	MSH2
69	sample1	0.972644662739307	2	159	159	duplication	1	47698105	47698201	2	chr2:47698105-47698201	6.81	1240	1847	1.49	MSH2
70	sample1	0.972644662739307	2	168	168	duplication	1	48025751	48028294	2	chr2:48025751-48028294	5.7	8481	11927	1.41	MSH6
71	sample1	0.972644662739307	2	245	245	duplication	1	10091059	10091189	3	chr3:10091059-10091189	2.24	1258	1591	1.26	FANCD2
72	sample1	0.972644662739307	2	307	307	duplication	1	14219967	14220068	3	chr3:14219967-14220068	1.15	618	756	1.22	XPC
73	sample1	0.972644662739307	2	318	318	duplication	1	37042447	37042544	3	chr3:37042447-37042544	6.54	844	1259	1.49	MLH1
74	sample1	0.972644662739307	2	331	331	duplication	1	37089011	37089174	3	chr3:37089011-37089174	8.05	884	1393	1.58	MLH1
75	sample1	0.972644662739307	2	563	564	duplication	2	6017220	6018327	7	chr7:6017220-6018327	13.9	891	1394	1.56	PMS2
76	sample1	0.972644662739307	2	569	569	duplication	1	6035166	6035264	7	chr7:6035166-6035264	7.64	801	1247	1.56	PMS2
77	sample1	0.972644662739307	2	707	707	duplication	1	21974678	21974826	9	chr9:21974678-21974826	12	543	1028	1.89	CDKN2A
78	sample1	0.972644662739307	2	1044	1044	duplication	1	111963805	111963921	11	chr11:111963805-111963921	1.38	165	210	1.27	SDHD
79	sample1	0.972644662739307	2	1190	1190	duplication	1	32906410	32907524	13	chr13:32906410-32907524	8.11	3311	5081	1.53	BRCA2
80	sample1	0.972644662739307	2	1200	1200	duplication	1	32945094	32945237	13	chr13:32945094-32945237	4.35	321	457	1.42	BRCA2
81	sample1	0.972644662739307	2	1202	1205	duplication	4	32953455	32969070	13	chr13:32953455-32969070	33.6	3135	5028	1.6	BRCA2
82	sample1	0.972644662739307	2	1778	1779	duplication	2	41209070	41215390	17	chr17:41209070-41215390	13.5	1391	2132	1.53	BRCA1
83	sample1	0.972644662739307	2	1788	1789	duplication	2	41243453	41247939	17	chr17:41243453-41247939	4.34	14983	19758	1.32	BRCA1
84	sample1	0.972644662739307	2	1791	1793	duplication	3	41251793	41256973	17	chr17:41251793-41256973	3.81	1642	2015	1.23	BRCA1
85	sample1	0.972644662739307	2	1795	1796	duplication	2	41267744	41276113	17	chr17:41267744-41276113	8.23	1083	1506	1.39	BRCA1
48	sample2	0.727069477440716	1	1187	1194	deletion	8	32900637	32929425	13	chr13:32900637-32929425	3.89	8243	3408	0.413	BRCA2
56	sample2	0.727069477440716	1	1822	1830	deletion	9	59870959	59938900	17	chr17:59870959-59938900	3.64	3569	1685	0.472	BRIP1
